<?xml version="1.0" encoding="UTF-8"?>
<!DOCTYPE struts PUBLIC
	"-//Apache Software Foundation//DTD Struts Configuration2.0//EN"
	"http://struts.apache.org/dtds/struts-2.0.dtd">
<struts>
	<package name="default" extends="struts-default">
		
		<!-- 上传文件 -->
		<action name="upload" class="mll.j2ee.action.UploadAction">
			<result name="success">/</result>
		</action>
		<!-- 用户登录 -->
		<action name="login" class="mll.j2ee.action.LoginRegisterAction" method="login">
			<result name="success">/index.jsp</result>
			<result name="master_index">/master_index.jsp</result>
			<result name="error">/login.jsp</result>
		</action>
		<!-- 用户注册 -->
		<action name="register" class="mll.j2ee.action.LoginRegisterAction" method="register">
			<result name="success">/login.jsp</result>
			<result name="error">/register.jsp</result>
		</action>
		<!-- 首页显示图书信息 -->
		<action name="showBooksInfo" class="mll.j2ee.action.IndexAction" method="showBooksInfo">
			
		</action>
		<!-- 首页图书信息——————分类 -->
		<action name="book_fenlei" class="mll.j2ee.action.IndexAction" method="bookFenlei">
			<result name="success">/index.jsp</result>
		</action>
		
		<!-- 读者显示借阅信息 -->
		<action name="showBorrowsInfo" class="mll.j2ee.action.BorrowAction" method="showBorrowsInfo">
			<result name="no_login">/login.jsp</result>
			<result name="success">/borrow_info.jsp</result>
		</action>
		<!-- 读者  借  书 -->
		<action name="reader_borrow" class="mll.j2ee.action.IndexAction" method="borrow">
			<result name="no_login">/login.jsp</result>
			<result name="success">/index.jsp</result>
			<result name="error">/index.jsp</result>
		</action>
		<!-- 读者  还  书 -->
		<action name="reader_return" class="mll.j2ee.action.BorrowAction" method="returnBook">
			<result name="success">/index.jsp</result>
			<result name="error">/borrow_info.jsp</result>
			<result name="no_login">/login.jsp</result>
		</action>
		<!-- 读者  续借图书 -->
		<action name="renew_book" class="mll.j2ee.action.BorrowAction" method="renewBook">
			<result name="success">/index.jsp</result>
			<result name="error">/borrow_info.jsp</result>
		</action>
		
		<!-- 退出登录 -->
		<action name="unlogin" class="mll.j2ee.action.IndexAction" method="unlogin">
			<result name="success">/login.jsp</result>
		</action>
		<!-- 显示用户个人信息 -->
		<action name="showPersonInfo" class="mll.j2ee.action.ReaderAction" method="showPersonInfo">
			<result name="success">/person_info.jsp</result>
			<result name="no_login">/login.jsp</result>
		</action>
		<!-- 修改用户个人信息 -->
		<action name="updatePersonInfo" class="mll.j2ee.action.ReaderAction" method="updatePersonInfo">
			<result name="success">/index.jsp</result>
			<result name="no_login">/person_info.jsp</result>
		</action>
		<!-- 添加图书 -->
		<action name="addBook" class="mll.j2ee.action.BooksAction" method="addBook">
			<result name="success">/master_index.jsp</result>
			<result name="error">/add_book.jsp</result>
		</action>
		<!-- 显示图书信息 -->
		<action name="showBooksInfo" class="mll.j2ee.action.BooksAction" method="showBooksInfo">
			<result name="success">/booklist.jsp</result>
		</action>
		<!-- 删除图书   和   增加图书库存（一次一本） -->
		<action name="delete_add_book" class="mll.j2ee.action.BooksAction" method="deleteOrAddBook">
			<result name="success">/master_index.jsp</result>
			<result name="error">/booklist.jsp</result>
		</action>
		<!-- 显示超时罚款信息 -->
		<action name="showAmerceInfo" class="mll.j2ee.action.AmerceAction" method="showAmerceInfo">
			<result name="success">/borrow_manage.jsp</result>
			<result name="error">/master_index.jsp</result>
		</action>
		<!-- 删除超时罚款信息 -->
		<action name="amerce_delete" class="mll.j2ee.action.AmerceAction" method="deleteAmerceInfo">
			<result name="success">/master_index.jsp</result>
			<result name="error">/borrow_manage.jsp</result>
		</action>
		
	</package>
	<constant name="struts.il8n.encoding" value="utf-8"></constant>
	<!-- 上传文件的临时保存路径 -->
	<constant name="struts.multipart.saveDir" value="/tmp"></constant>
</struts>